,PM10 (µg/m³),SO2 (ppb),NO2 (ppb),O3 (ppb),CO (ppm),CO (ppb),SO2 (µg/m³),NO2 (µg/m³),O3 (µg/m³)
15/04/2016 12:00:00,21.3,0.2,13.1,17.3,0.1,,,,
16/04/2016 12:00:00,17.4,0.1,9.4,13.3,0.2,,,,
17/04/2016 12:00:00,9.0,0.3,7.9,14.9,0.5,,,,
18/04/2016 12:00:00,12.8,0.1,6.9,16.0,0.8,,,,
19/04/2016 12:00:00,16.5,0.2,61.0,13.7,0.5,,,,
20/04/2016 12:00:00,21.1,0.2,37.3,24.0,0.4,,,,
21/04/2016 12:00:00,21.9,0.9,24.6,16.0,1.0,,,,
22/04/2016 12:00:00,17.7,0.2,8.2,18.5,0.5,,,,
23/04/2016 12:00:00,18.3,0.3,20.7,26.7,0.9,,,,
24/04/2016 12:00:00,16.7,0.1,17.6,19.7,0.6,,,,
25/04/2016 12:00:00,9.5,0.1,15.6,20.8,0.2,,,,
26/04/2016 12:00:00,17.9,2.2,16.7,35.2,0.4,,,,
27/04/2016 12:00:00,20.9,6.9,10.5,42.1,0.5,,,,
28/04/2016 12:00:00,19.8,0.6,9.7,48.1,0.7,,,,
29/04/2016 12:00:00,16.3,0.0,12.9,24.3,0.4,,,,
30/04/2016 12:00:00,17.7,0.7,11.2,24.7,0.4,,,,
01/08/2016 12:00:00,16.8,0.0,3.6,36.0,0.1,,,,
02/08/2016 12:00:00,9.1,0.0,5.4,21.4,0.3,,,,
03/08/2016 12:00:00,14.0,0.1,7.3,22.4,0.2,,,,
04/08/2016 12:00:00,12.5,0.1,,23.6,0.0,,,,
05/08/2016 12:00:00,7.9,0.1,,22.1,0.3,,,,
06/08/2016 12:00:00,14.1,0.3,8.5,19.3,0.2,,,,
07/08/2016 12:00:00,13.3,0.1,11.7,18.6,0.3,,,,
08/08/2016 12:00:00,10.6,1.0,6.9,22.0,0.3,,,,
09/08/2016 12:00:00,12.7,0.9,16.7,31.2,0.4,,,,
10/08/2016 12:00:00,14.2,0.2,7.5,35.0,0.4,,,,
11/08/2016 12:00:00,15.2,5.6,25.7,31.7,0.2,,,,
12/08/2016 12:00:00,14.2,3.2,14.4,34.6,0.4,,,,
13/08/2016 12:00:00,12.9,0.5,11.7,34.8,0.3,,,,
14/08/2016 12:00:00,13.7,3.6,8.6,35.3,0.2,,,,
15/08/2016 12:00:00,14.7,2.3,12.4,39.1,0.6,,,,
16/08/2016 12:00:00,14.8,1.0,18.5,42.6,0.6,,,,
17/08/2016 12:00:00,12.2,0.2,11.2,33.9,0.6,,,,
18/08/2016 12:00:00,22.0,0.3,14.7,36.7,0.3,,,,
19/08/2016 12:00:00,22.6,0.6,13.7,34.1,0.8,,,,
20/08/2016 12:00:00,7.4,0.2,8.3,25.1,0.6,,,,
21/08/2016 12:00:00,13.4,0.6,14.7,54.5,0.2,,,,
22/08/2016 12:00:00,28.8,0.4,11.7,57.7,0.5,,,,
23/08/2016 12:00:00,14.9,0.2,10.1,37.4,0.3,,,,
24/08/2016 12:00:00,11.2,0.2,15.3,28.8,0.4,,,,
25/08/2016 12:00:00,9.9,0.0,8.9,25.6,0.2,,,,
26/08/2016 12:00:00,13.4,0.0,8.7,24.3,0.1,,,,
27/08/2016 12:00:00,9.5,1.0,10.6,21.0,0.2,,,,
28/08/2016 12:00:00,10.4,0.9,12.6,21.5,0.0,,,,
29/08/2016 12:00:00,9.4,0.3,9.7,21.1,0.1,,,,
30/08/2016 12:00:00,8.3,0.7,9.8,29.7,0.3,,,,
31/08/2016 12:00:00,20.1,0.7,19.4,29.7,0.3,,,,
01/12/2016 12:00:00,20.4,1.7,5.5,36.4,0.5,,,,
02/12/2016 12:00:00,13.6,0.0,5.0,24.5,0.5,,,,
03/12/2016 12:00:00,12.8,0.6,8.5,14.9,0.4,,,,
04/12/2016 12:00:00,15.4,0.9,10.4,16.3,0.1,,,,
05/12/2016 12:00:00,16.0,12.2,4.0,23.9,0.1,,,,
06/12/2016 12:00:00,22.2,0.4,5.2,27.6,0.3,,,,
07/12/2016 12:00:00,23.1,0.9,12.3,32.0,0.3,,,,
08/12/2016 12:00:00,27.2,1.3,10.0,37.8,0.4,,,,
09/12/2016 12:00:00,39.2,3.9,3.3,33.8,0.1,,,,
10/12/2016 12:00:00,17.7,1.9,,32.6,0.2,,,,
11/12/2016 12:00:00,24.7,11.0,,47.1,0.3,,,,
12/12/2016 12:00:00,24.2,8.4,,36.5,0.4,,,,
13/12/2016 12:00:00,,3.2,,40.0,0.6,,,,
14/12/2016 12:00:00,25.5,2.1,16.8,25.7,0.1,,,,
15/12/2016 12:00:00,20.3,0.4,6.7,24.8,0.4,,,,
16/12/2016 12:00:00,18.3,2.6,10.1,24.5,0.2,,,,
17/12/2016 12:00:00,16.7,0.1,5.5,23.1,0.3,,,,
18/12/2016 12:00:00,14.0,0.5,7.5,19.0,0.3,,,,
19/12/2016 12:00:00,19.7,1.3,12.2,17.7,0.5,,,,
20/12/2016 12:00:00,13.1,0.4,6.1,14.4,0.1,,,,
21/12/2016 12:00:00,19.2,0.3,9.5,13.0,0.3,,,,
22/12/2016 12:00:00,19.9,0.7,9.7,16.0,0.3,,,,
23/12/2016 12:00:00,16.3,0.7,10.3,13.4,0.2,,,,
24/12/2016 12:00:00,11.5,0.2,7.6,21.3,0.1,,,,
25/12/2016 12:00:00,15.5,0.1,6.9,17.8,0.1,,,,
26/12/2016 12:00:00,19.8,2.4,6.1,36.4,0.2,,,,
27/12/2016 12:00:00,30.1,2.7,7.8,38.1,0.3,,,,
28/12/2016 12:00:00,21.3,0.8,14.8,15.3,0.3,,,,
29/12/2016 12:00:00,26.1,0.4,9.7,14.9,0.2,,,,
30/12/2016 12:00:00,21.5,0.0,8.6,23.8,0.3,,,,
31/12/2016 12:00:00,18.5,0.6,14.4,18.1,0.1,,,,
01/07/2016 12:00:00,14.6,0.2,4.6,25.0,0.8,,,,
02/07/2016 12:00:00,12.2,0.1,5.2,22.1,0.2,,,,
03/07/2016 12:00:00,16.5,0.1,1.6,20.1,0.3,,,,
04/07/2016 12:00:00,15.6,0.0,4.4,16.4,0.3,,,,
05/07/2016 12:00:00,12.9,0.1,2.6,19.1,0.2,,,,
06/07/2016 12:00:00,12.9,0.5,3.9,18.6,0.3,,,,
07/07/2016 12:00:00,11.1,0.1,2.3,16.0,0.2,,,,
08/07/2016 12:00:00,17.3,0.0,3.3,21.9,0.3,,,,
09/07/2016 12:00:00,14.6,0.0,3.1,37.6,0.4,,,,
10/07/2016 12:00:00,11.0,0.0,1.7,24.6,0.2,,,,
11/07/2016 12:00:00,14.9,0.0,2.4,24.8,0.2,,,,
12/07/2016 12:00:00,15.7,0.1,5.2,35.1,0.3,,,,
13/07/2016 12:00:00,14.1,0.0,2.9,35.7,0.5,,,,
14/07/2016 12:00:00,17.3,,7.0,36.0,0.4,,,,
15/07/2016 12:00:00,16.0,,7.8,29.2,0.1,,,,
16/07/2016 12:00:00,12.6,0.1,7.3,29.3,0.1,,,,
17/07/2016 12:00:00,15.6,5.1,13.6,28.8,0.3,,,,
18/07/2016 12:00:00,17.0,12.6,18.1,30.9,0.1,,,,
19/07/2016 12:00:00,17.5,0.8,14.8,46.6,0.3,,,,
20/07/2016 12:00:00,12.9,0.3,6.7,34.0,0.2,,,,
21/07/2016 12:00:00,14.7,0.5,10.1,22.7,0.3,,,,
22/07/2016 12:00:00,16.7,1.0,17.9,35.7,0.1,,,,
23/07/2016 12:00:00,15.4,0.0,6.2,33.7,0.2,,,,
24/07/2016 12:00:00,14.5,0.3,8.5,21.8,0.3,,,,
25/07/2016 12:00:00,15.6,0.1,8.3,23.9,0.4,,,,
26/07/2016 12:00:00,11.4,0.2,7.3,22.2,0.3,,,,
27/07/2016 12:00:00,12.9,0.1,9.1,24.7,0.3,,,,
28/07/2016 12:00:00,15.4,0.0,4.4,23.4,0.4,,,,
29/07/2016 12:00:00,9.3,0.1,3.6,24.2,0.1,,,,
30/07/2016 12:00:00,9.5,0.0,5.9,23.2,0.2,,,,
31/07/2016 12:00:00,15.8,0.0,1.1,26.8,0.2,,,,
01/06/2016 12:00:00,17.7,0.0,2.6,15.3,0.2,,,,
02/06/2016 12:00:00,28.2,0.1,3.5,28.9,0.2,,,,
03/06/2016 12:00:00,14.5,1.0,5.3,46.8,0.3,,,,
04/06/2016 12:00:00,12.3,0.1,7.1,32.7,0.4,,,,
05/06/2016 12:00:00,15.0,0.6,3.8,36.2,0.4,,,,
06/06/2016 12:00:00,12.2,0.3,3.8,25.7,0.3,,,,
07/06/2016 12:00:00,13.8,0.8,5.4,24.8,0.4,,,,
08/06/2016 12:00:00,14.8,0.0,13.1,26.5,0.3,,,,
09/06/2016 12:00:00,,0.1,12.4,27.7,,,,,
10/06/2016 12:00:00,14.1,0.2,10.5,38.0,0.1,,,,
11/06/2016 12:00:00,13.4,0.8,6.0,27.5,0.4,,,,
12/06/2016 12:00:00,15.2,0.7,6.2,38.0,0.4,,,,
13/06/2016 12:00:00,12.4,0.1,3.9,22.7,0.4,,,,
14/06/2016 12:00:00,7.4,0.0,3.9,24.5,0.3,,,,
15/06/2016 12:00:00,12.1,0.0,6.9,23.4,0.1,,,,
16/06/2016 12:00:00,15.4,0.1,2.1,26.0,0.2,,,,
17/06/2016 12:00:00,13.9,0.1,1.6,23.7,0.3,,,,
18/06/2016 12:00:00,23.8,0.0,3.4,27.6,0.1,,,,
19/06/2016 12:00:00,5.7,0.0,2.6,19.9,0.5,,,,
20/06/2016 12:00:00,9.9,0.1,2.6,20.9,0.2,,,,
21/06/2016 12:00:00,,0.0,3.1,21.7,0.1,,,,
22/06/2016 12:00:00,5.0,0.0,3.0,19.8,0.2,,,,
23/06/2016 12:00:00,15.8,0.0,4.3,21.7,0.3,,,,
24/06/2016 12:00:00,48.2,0.0,13.0,18.1,1.3,,,,
25/06/2016 12:00:00,21.4,0.0,1.9,22.6,0.2,,,,
26/06/2016 12:00:00,17.6,0.0,1.7,24.0,0.3,,,,
27/06/2016 12:00:00,16.0,0.0,2.1,24.0,0.2,,,,
28/06/2016 12:00:00,13.3,0.1,3.4,26.2,0.3,,,,
29/06/2016 12:00:00,19.9,0.1,4.2,22.3,0.6,,,,
30/06/2016 12:00:00,17.1,0.0,6.1,18.7,0.4,,,,
01/05/2016 12:00:00,16.0,6.1,10.3,30.7,0.4,,,,
02/05/2016 12:00:00,20.6,0.6,12.1,27.6,0.6,,,,
03/05/2016 12:00:00,,0.1,,16.2,,,,,
03/05/2016 12:00:00,,0.1,,16.2,,,,,
04/05/2016 12:00:00,,0.4,18.0,11.8,,,,,
04/05/2016 12:00:00,,0.4,18.0,11.8,,,,,
05/05/2016 12:00:00,14.1,0.4,8.4,23.2,0.5,,,,
06/05/2016 12:00:00,11.8,0.2,8.5,16.4,0.5,,,,
07/05/2016 12:00:00,15.4,0.0,6.4,16.1,0.6,,,,
08/05/2016 12:00:00,11.6,0.8,11.7,14.0,0.3,,,,
09/05/2016 12:00:00,10.6,0.4,8.6,18.9,0.6,,,,
10/05/2016 12:00:00,16.7,0.2,7.0,19.7,0.5,,,,
11/05/2016 12:00:00,25.0,0.0,8.0,19.0,0.4,,,,
12/05/2016 12:00:00,8.5,0.0,10.0,27.2,0.4,,,,
13/05/2016 12:00:00,31.6,0.5,10.1,29.2,0.4,,,,
14/05/2016 12:00:00,,0.0,7.8,30.2,,,,,
15/05/2016 12:00:00,8.3,0.0,6.0,18.5,0.3,,,,
16/05/2016 12:00:00,8.8,0.0,5.8,15.5,0.2,,,,
17/05/2016 12:00:00,5.1,0.4,6.7,19.9,0.3,,,,
18/05/2016 12:00:00,20.5,0.6,13.7,35.4,0.4,,,,
19/05/2016 12:00:00,21.4,0.7,6.8,39.5,0.4,,,,
20/05/2016 12:00:00,12.0,0.4,7.2,18.1,0.1,,,,
21/05/2016 12:00:00,13.5,0.8,4.6,19.8,0.5,,,,
22/05/2016 12:00:00,13.8,2.4,5.5,18.1,0.2,,,,
23/05/2016 12:00:00,11.2,0.3,5.5,24.3,0.4,,,,
24/05/2016 12:00:00,9.9,0.1,6.0,13.5,0.3,,,,
25/05/2016 12:00:00,8.8,0.0,4.7,17.6,0.2,,,,
26/05/2016 12:00:00,18.8,0.0,1.3,20.3,0.1,,,,
27/05/2016 12:00:00,17.2,0.0,0.8,21.4,0.1,,,,
28/05/2016 12:00:00,27.4,0.0,3.7,19.8,0.3,,,,
29/05/2016 12:00:00,13.8,0.1,3.6,16.7,0.3,,,,
30/05/2016 12:00:00,27.9,0.3,5.6,16.7,0.3,,,,
31/05/2016 12:00:00,11.6,0.0,3.7,14.1,0.3,,,,
01/11/2016 12:00:00,19.0,0.3,11.5,24.1,0.3,,,,
02/11/2016 12:00:00,22.9,1.1,14.6,21.9,0.5,,,,
03/11/2016 12:00:00,21.7,2.0,17.5,25.2,0.5,,,,
04/11/2016 12:00:00,22.6,1.4,19.0,23.1,0.7,,,,
05/11/2016 12:00:00,13.0,1.3,17.0,21.7,0.4,,,,
06/11/2016 12:00:00,16.0,0.2,11.6,26.5,0.3,,,,
07/11/2016 12:00:00,13.4,1.3,19.5,18.6,0.3,,,,
08/11/2016 12:00:00,17.5,3.1,18.0,17.7,0.6,,,,
09/11/2016 12:00:00,25.5,0.9,11.4,17.7,0.3,,,,
10/11/2016 12:00:00,27.9,1.2,5.4,20.9,0.1,,,,
11/11/2016 12:00:00,23.3,5.8,12.3,16.6,0.5,,,,
12/11/2016 12:00:00,22.1,1.3,8.8,15.0,0.3,,,,
13/11/2016 12:00:00,18.7,2.5,9.6,15.7,0.1,,,,
14/11/2016 12:00:00,18.6,6.8,8.4,15.2,0.3,,,,
15/11/2016 12:00:00,20.7,3.9,17.3,18.8,0.2,,,,
16/11/2016 12:00:00,21.1,1.0,7.6,21.0,0.4,,,,
17/11/2016 12:00:00,21.0,2.6,6.9,31.4,0.1,,,,
18/11/2016 12:00:00,23.1,1.9,7.2,28.7,0.4,,,,
19/11/2016 12:00:00,22.7,0.4,8.2,32.5,0.2,,,,
20/11/2016 12:00:00,16.9,0.2,4.3,27.6,0.3,,,,
21/11/2016 12:00:00,9.0,0.0,2.6,22.0,0.1,,,,
22/11/2016 12:00:00,10.2,0.0,8.1,19.2,0.2,,,,
23/11/2016 12:00:00,24.7,0.0,7.2,30.1,0.1,,,,
24/11/2016 12:00:00,18.1,0.1,8.9,28.4,0.2,,,,
25/11/2016 12:00:00,24.1,0.1,5.1,31.5,0.3,,,,
26/11/2016 12:00:00,13.1,0.3,8.9,19.4,0.5,,,,
27/11/2016 12:00:00,15.1,0.5,5.7,24.0,0.2,,,,
28/11/2016 12:00:00,14.7,0.6,7.0,22.0,0.2,,,,
29/11/2016 12:00:00,13.9,0.8,8.6,54.1,0.3,,,,
30/11/2016 12:00:00,13.5,0.9,11.1,41.9,0.2,,,,
01/10/2016 12:00:00,15.9,0.1,7.4,37.1,0.1,,,,
02/10/2016 12:00:00,20.3,0.9,11.0,24.2,0.2,,,,
03/10/2016 12:00:00,14.6,1.2,7.9,24.4,0.3,,,,
04/10/2016 12:00:00,15.6,0.5,6.7,37.6,0.2,,,,
05/10/2016 12:00:00,16.1,0.7,19.9,28.5,0.1,,,,
06/10/2016 12:00:00,22.2,1.8,23.4,36.5,0.0,,,,
07/10/2016 12:00:00,36.4,1.7,18.7,41.0,0.1,,,,
08/10/2016 12:00:00,27.6,0.0,19.7,55.0,0.1,,,,
09/10/2016 12:00:00,27.4,0.0,9.8,33.4,0.3,,,,
10/10/2016 12:00:00,22.0,0.0,13.1,27.7,0.2,,,,
11/10/2016 12:00:00,16.5,0.0,,27.6,0.2,,,,
12/10/2016 12:00:00,15.3,0.0,,24.0,0.2,,,,
13/10/2016 12:00:00,13.8,0.0,,17.7,0.1,,,,
14/10/2016 12:00:00,18.4,0.4,,20.9,0.3,,,,
15/10/2016 12:00:00,17.0,0.9,,20.7,0.4,,,,
16/10/2016 12:00:00,13.4,0.1,,19.9,0.3,,,,
17/10/2016 12:00:00,15.3,0.8,,17.3,0.2,,,,
18/10/2016 13:00:00,12.7,2.7,7.3,17.6,0.2,,,,
19/10/2016 12:00:00,19.0,4.0,14.1,26.9,0.2,,,,
20/10/2016 12:00:00,23.4,3.1,20.3,34.4,0.2,,,,
21/10/2016 12:00:00,21.3,0.8,25.3,21.6,0.1,,,,
22/10/2016 12:00:00,22.6,1.2,30.9,23.1,,,,,
23/10/2016 12:00:00,17.6,2.7,11.6,28.1,,,,,
24/10/2016 12:00:00,17.8,0.1,6.4,27.8,,,,,
25/10/2016 12:00:00,,0.6,,30.8,,,,,
26/10/2016 12:00:00,27.8,0.7,,27.0,,,,,
27/10/2016 12:00:00,18.1,0.1,,24.6,,,,,
28/10/2016 12:00:00,23.1,2.4,35.2,24.5,0.3,,,,
29/10/2016 12:00:00,26.3,0.3,34.8,33.4,0.3,,,,
30/10/2016 12:00:00,22.8,0.0,6.2,24.7,0.2,,,,
31/10/2016 12:00:00,21.1,0.1,13.7,24.8,0.2,,,,
01/09/2016 12:00:00,9.9,1.2,18.7,25.0,0.1,,,,
02/09/2016 12:00:00,10.9,0.9,11.3,28.6,0.0,,,,
03/09/2016 12:00:00,16.7,0.1,8.1,24.1,0.1,,,,
04/09/2016 12:00:00,16.6,0.1,4.5,21.8,0.1,,,,
05/09/2016 12:00:00,11.7,0.1,8.5,20.8,0.1,,,,
06/09/2016 12:00:00,7.4,0.5,14.4,21.9,0.2,,,,
07/09/2016 12:00:00,18.2,0.6,11.3,23.6,0.6,,,,
08/09/2016 12:00:00,17.3,0.5,15.5,28.9,0.4,,,,
09/09/2016 12:00:00,14.2,0.1,12.9,29.0,0.3,,,,
10/09/2016 12:00:00,13.9,0.1,9.1,23.8,0.4,,,,
11/09/2016 12:00:00,8.9,0.0,8.2,21.3,0.5,,,,
12/09/2016 12:00:00,10.3,0.0,10.2,19.7,0.3,,,,
13/09/2016 12:00:00,11.7,0.5,8.6,25.0,0.3,,,,
14/09/2016 12:00:00,9.1,0.7,5.4,23.0,0.5,,,,
15/09/2016 12:00:00,10.0,1.8,9.4,32.6,0.2,,,,
16/09/2016 12:00:00,17.6,0.6,19.2,52.9,0.2,,,,
17/09/2016 12:00:00,,0.0,12.5,49.8,0.2,,,,
18/09/2016 12:00:00,17.0,0.6,9.5,24.1,0.1,,,,
19/09/2016 12:00:00,14.0,1.1,8.7,36.9,0.3,,,,
20/09/2016 12:00:00,23.8,0.8,12.6,44.0,0.3,,,,
21/09/2016 12:00:00,23.9,2.6,9.6,52.9,0.2,,,,
22/09/2016 12:00:00,20.0,0.1,11.6,34.6,0.1,,,,
23/09/2016 12:00:00,12.0,0.1,6.2,30.1,0.2,,,,
24/09/2016 12:00:00,12.2,0.1,7.0,22.4,0.2,,,,
25/09/2016 12:00:00,11.1,1.6,8.9,25.4,0.0,,,,
26/09/2016 12:00:00,16.1,2.1,10.3,32.4,0.0,,,,
27/09/2016 12:00:00,18.8,1.2,12.9,37.6,0.0,,,,
28/09/2016 12:00:00,15.8,0.0,9.0,42.1,0.0,,,,
29/09/2016 12:00:00,9.4,0.0,13.7,24.7,0.2,,,,
30/09/2016 12:00:00,15.8,0.7,13.1,35.5,0.0,,,,
01/04/2017 12:00:00,14.0,0.0,7.3,25.3,0.3,,,,
02/04/2017 12:00:00,15.9,0.1,6.4,24.5,0.2,,,,
03/04/2017 12:00:00,10.1,0.0,16.1,21.2,0.2,,,,
04/04/2017 12:00:00,13.2,0.2,14.9,23.2,0.2,,,,
05/04/2017 12:00:00,8.9,0.1,7.8,30.9,0.4,,,,
06/04/2017 12:00:00,14.3,0.0,7.3,23.1,0.2,,,,
07/04/2017 12:00:00,19.5,0.0,14.6,38.7,0.2,,,,
08/04/2017 12:00:00,12.0,0.0,6.7,41.6,0.2,,,,
09/04/2017 12:00:00,10.6,0.0,4.7,20.0,0.2,,,,
10/04/2017 12:00:00,11.1,0.1,2.3,19.5,0.1,,,,
11/04/2017 12:00:00,11.8,0.0,8.8,33.3,0.2,,,,
12/04/2017 12:00:00,16.3,0.2,10.4,21.5,0.3,,,,
13/04/2017 12:00:00,16.6,0.1,11.7,30.2,0.5,,,,
14/04/2017 12:00:00,8.5,0.0,6.7,32.3,0.2,,,,
15/04/2017 12:00:00,6.0,0.0,6.6,14.3,0.1,,,,
16/04/2017 12:00:00,7.0,0.1,7.5,12.7,0.2,,,,
17/04/2017 12:00:00,8.2,4.1,7.3,27.5,0.3,,,,
18/04/2017 12:00:00,38.0,0.4,9.6,29.8,0.3,,,,
19/04/2017 12:00:00,9.1,0.0,9.5,22.6,0.0,,,,
20/04/2017 12:00:00,34.4,0.1,18.4,55.1,1.1,,,,
21/04/2017 12:00:00,13.4,0.0,5.0,22.8,0.2,,,,
22/04/2017 12:00:00,6.7,0.1,5.2,20.9,0.5,,,,
23/04/2017 12:00:00,10.2,0.2,10.8,20.5,0.1,,,,
24/04/2017 12:00:00,14.1,0.1,8.3,35.9,0.3,,,,
25/04/2017 12:00:00,9.5,0.3,8.8,15.6,0.2,,,,
26/04/2017 12:00:00,8.4,0.3,7.5,15.0,0.1,,,,
27/04/2017 12:00:00,15.1,0.8,12.8,19.5,0.0,,,,
28/04/2017 12:00:00,8.0,0.3,7.3,15.0,0.0,,,,
29/04/2017 12:00:00,8.3,0.0,6.8,17.4,0.0,,,,
30/04/2017 12:00:00,10.6,0.0,4.6,35.2,0.0,,,,
01/08/2017 12:00:00,10.4,0.1,6.9,24.5,0.1,,,,
02/08/2017 12:00:00,10.9,0.0,9.2,23.0,0.3,,,,
03/08/2017 12:00:00,,0.0,6.7,22.9,0.2,,,,
04/08/2017 12:00:00,19.5,0.1,10.4,33.8,0.1,,,,
05/08/2017 12:00:00,22.2,0.1,13.7,25.2,0.4,,,,
06/08/2017 12:00:00,25.3,0.0,4.4,33.0,0.4,,,,
07/08/2017 12:00:00,31.9,0.0,3.3,33.3,0.3,,,,
08/08/2017 12:00:00,7.6,0.0,4.6,26.9,0.2,,,,
09/08/2017 12:00:00,9.0,0.1,6.7,26.1,0.2,,,,
10/08/2017 12:00:00,10.0,0.4,8.4,38.0,0.3,,,,
11/08/2017 12:00:00,16.8,0.3,5.9,46.0,0.3,,,,
12/08/2017 12:00:00,11.8,0.0,7.9,32.0,0.6,,,,
13/08/2017 12:00:00,18.1,0.0,4.3,30.7,0.1,,,,
14/08/2017 12:00:00,11.3,0.1,7.0,27.8,0.3,,,,
15/08/2017 12:00:00,9.0,0.7,9.9,27.5,1.1,,,,
16/08/2017 12:00:00,9.7,0.0,6.8,28.4,0.4,,,,
17/08/2017 12:00:00,11.8,0.1,8.8,34.2,0.7,,,,
18/08/2017 12:00:00,13.9,0.0,10.2,28.1,0.8,,,,
19/08/2017 12:00:00,7.3,0.0,7.4,23.9,0.9,,,,
20/08/2017 12:00:00,8.4,0.0,9.2,23.4,0.8,,,,
21/08/2017 12:00:00,12.6,0.1,13.0,24.2,0.8,,,,
22/08/2017 12:00:00,15.1,0.0,9.7,24.5,0.0,,,,
23/08/2017 12:00:00,13.3,0.0,4.5,22.2,0.1,,,,
24/08/2017 12:00:00,12.7,0.0,4.7,22.7,0.1,,,,
25/08/2017 12:00:00,15.1,0.0,4.6,23.3,0.0,,,,
26/08/2017 12:00:00,9.4,0.0,3.0,23.1,0.2,,,,
27/08/2017 12:00:00,9.9,0.0,4.6,23.2,0.1,,,,
28/08/2017 12:00:00,7.9,0.0,5.4,24.4,0.1,,,,
29/08/2017 12:00:00,9.4,0.0,9.2,24.1,0.1,,,,
30/08/2017 12:00:00,16.2,0.0,6.0,23.3,0.9,,,,
31/08/2017 12:00:00,18.9,0.1,10.0,29.0,0.1,,,,
01/02/2017 12:00:00,21.9,1.7,11.7,35.3,0.8,,,,
02/02/2017 12:00:00,22.7,0.7,6.5,39.2,0.5,,,,
03/02/2017 12:00:00,23.0,1.3,8.2,48.6,0.2,,,,
04/02/2017 12:00:00,23.5,0.1,6.9,48.5,0.1,,,,
05/02/2017 12:00:00,21.1,0.4,9.5,35.8,0.1,,,,
06/02/2017 12:00:00,21.9,0.0,6.7,43.9,0.1,,,,
07/02/2017 12:00:00,17.3,0.1,6.6,36.8,0.4,,,,
08/02/2017 12:00:00,19.9,0.3,9.0,34.2,0.2,,,,
09/02/2017 12:00:00,25.5,0.9,14.5,40.8,0.1,,,,
10/02/2017 12:00:00,17.2,0.0,11.5,26.9,0.3,,,,
11/02/2017 12:00:00,16.0,0.2,8.3,29.8,0.0,,,,
12/02/2017 12:00:00,19.2,0.2,12.8,28.0,0.4,,,,
13/02/2017 12:00:00,11.6,1.1,10.2,29.6,0.2,,,,
14/02/2017 12:00:00,16.8,1.2,17.3,31.6,0.3,,,,
15/02/2017 12:00:00,17.7,0.2,13.8,30.1,0.2,,,,
16/02/2017 12:00:00,17.4,0.0,11.0,24.9,0.2,,,,
17/02/2017 12:00:00,20.2,0.0,7.1,17.9,0.1,,,,
18/02/2017 12:00:00,13.3,0.5,11.5,18.7,0.1,,,,
19/02/2017 12:00:00,13.8,0.6,12.8,19.5,0.2,,,,
20/02/2017 12:00:00,11.0,0.0,11.4,18.5,0.3,,,,
21/02/2017 12:00:00,12.5,0.0,8.1,17.0,0.4,,,,
22/02/2017 12:00:00,8.8,0.0,11.8,15.7,0.4,,,,
23/02/2017 12:00:00,11.7,0.1,9.7,20.5,0.1,,,,
24/02/2017 12:00:00,9.6,0.1,10.9,22.6,0.5,,,,
25/02/2017 12:00:00,15.9,0.1,11.5,26.8,0.5,,,,
26/02/2017 12:00:00,13.2,0.7,11.2,34.4,0.5,,,,
27/02/2017 12:00:00,13.3,0.1,11.1,21.6,0.4,,,,
28/02/2017 12:00:00,6.9,0.1,13.0,17.1,0.4,,,,
01/01/2017 12:00:00,15.3,0.4,6.0,21.7,0.2,,,,
02/01/2017 12:00:00,20.8,0.2,9.3,30.8,0.3,,,,
03/01/2017 12:00:00,16.8,0.3,7.4,49.9,0.3,,,,
04/01/2017 12:00:00,17.8,2.3,5.6,33.2,0.2,,,,
05/01/2017 12:00:00,22.3,0.5,9.5,22.8,0.3,,,,
06/01/2017 12:00:00,20.3,2.0,13.1,19.9,0.3,,,,
07/01/2017 12:00:00,,0.1,8.7,21.0,0.1,,,,
08/01/2017 12:00:00,,0.7,11.6,25.9,0.4,,,,
09/01/2017 12:00:00,,0.5,9.1,26.9,0.4,,,,
10/01/2017 12:00:00,11.2,0.7,6.3,27.3,0.2,,,,
11/01/2017 12:00:00,17.3,0.3,8.4,38.7,0.2,,,,
12/01/2017 12:00:00,16.8,0.1,6.5,23.2,0.2,,,,
13/01/2017 12:00:00,12.7,0.4,5.8,20.8,0.1,,,,
14/01/2017 12:00:00,22.0,2.6,10.6,33.1,0.4,,,,
15/01/2017 12:00:00,30.0,3.1,11.6,24.4,0.4,,,,
16/01/2017 12:00:00,24.2,1.0,10.5,24.4,0.4,,,,
18/01/2017 12:00:00,,0.5,12.8,27.2,0.4,,,,
19/01/2017 12:00:00,16.3,2.5,11.3,21.3,0.1,,,,
20/01/2017 12:00:00,14.0,0.2,7.1,19.9,0.2,,,,
21/01/2017 12:00:00,17.8,0.2,10.4,20.3,0.4,,,,
22/01/2017 12:00:00,12.0,0.6,10.7,17.6,0.3,,,,
23/01/2017 12:00:00,16.1,0.4,8.4,26.5,0.2,,,,
24/01/2017 12:00:00,17.3,0.7,7.3,20.0,0.1,,,,
25/01/2017 12:00:00,21.2,1.0,10.2,18.9,0.2,,,,
26/01/2017 12:00:00,12.5,0.0,5.1,26.6,0.0,,,,
27/01/2017 12:00:00,24.5,0.0,13.6,25.7,0.3,,,,
28/01/2017 12:00:00,17.3,0.1,11.1,24.2,0.6,,,,
29/01/2017 12:00:00,14.2,0.1,10.9,18.5,0.4,,,,
30/01/2017 12:00:00,10.5,0.6,7.1,20.2,0.8,,,,
31/01/2017 12:00:00,17.2,0.6,11.2,30.6,0.5,,,,
01/07/2017 12:00:00,12.3,0.0,11.7,19.6,0.2,,,,
02/07/2017 12:00:00,10.3,0.1,7.4,23.1,0.2,,,,
03/07/2017 12:00:00,13.9,0.0,2.2,27.5,0.1,,,,
04/07/2017 12:00:00,15.8,0.0,2.9,29.7,0.0,,,,
05/07/2017 12:00:00,14.7,0.1,4.7,35.2,0.0,,,,
06/07/2017 12:00:00,10.9,0.4,8.9,30.9,0.1,,,,
07/07/2017 12:00:00,12.3,0.1,0.1,7.9,,25.5,,,
08/07/2017 12:00:00,13.6,0.0,7.3,31.3,0.3,,,,
09/07/2017 12:00:00,17.3,0.0,4.0,28.6,0.0,,,,
10/07/2017 12:00:00,11.4,0.1,7.4,26.8,0.2,,,,
11/07/2017 12:00:00,8.2,0.0,5.9,24.5,0.4,,,,
12/07/2017 12:00:00,9.8,0.0,6.9,25.5,,,,,
13/07/2017 12:00:00,8.4,0.0,0.0,5.2,,37.0,,,
14/07/2017 12:00:00,,0.0,6.6,26.4,0.1,,,,
15/07/2017 12:00:00,10.8,0.0,6.2,28.2,0.1,,,,
16/07/2017 12:00:00,11.6,0.2,11.1,26.9,0.1,,,,
17/07/2017 12:00:00,10.0,0.3,7.0,26.4,0.1,,,,
18/07/2017 12:00:00,9.7,0.1,6.9,25.6,0.1,,,,
19/07/2017 12:00:00,8.8,0.0,7.6,21.0,0.2,,,,
20/07/2017 12:00:00,,0.0,8.4,19.6,0.8,,,,
21/07/2017 12:00:00,10.2,0.0,8.6,20.3,0.3,,,,
22/07/2017 12:00:00,11.5,0.0,6.1,20.7,0.0,,,,
23/07/2017 12:00:00,10.0,0.0,3.0,19.4,0.0,,,,
24/07/2017 12:00:00,11.4,0.0,7.0,22.6,0.1,,,,
25/07/2017 12:00:00,15.1,0.1,4.4,24.2,0.0,,,,
26/07/2017 12:00:00,12.7,0.0,4.2,23.5,0.1,,,,
27/07/2017 12:00:00,11.9,0.1,6.7,26.2,0.2,,,,
28/07/2017 12:00:00,11.4,0.4,9.0,27.1,0.1,,,,
29/07/2017 12:00:00,18.0,0.6,7.6,25.7,0.0,,,,
30/07/2017 12:00:00,14.3,0.4,3.3,27.9,0.1,,,,
31/07/2017 12:00:00,10.9,0.4,6.6,27.5,0.0,,,,
01/06/2017 12:00:00,12.1,0.4,13.2,17.7,0.3,,,,
02/06/2017 12:00:00,9.5,0.1,10.8,18.7,0.2,,,,
03/06/2017 12:00:00,10.6,0.0,9.3,17.0,0.2,,,,
04/06/2017 12:00:00,12.2,0.1,6.1,16.4,0.1,,,,
05/06/2017 12:00:00,10.7,0.4,8.8,14.2,0.1,,,,
06/06/2017 12:00:00,14.2,0.4,12.0,15.5,0.4,,,,
07/06/2017 12:00:00,11.6,0.5,8.6,13.6,0.3,,,,
08/06/2017 12:00:00,14.0,0.9,9.4,15.6,0.3,,,,
09/06/2017 12:00:00,13.9,0.1,8.4,26.0,0.2,,,,
10/06/2017 12:00:00,17.1,7.5,13.4,29.1,0.1,,,,
11/06/2017 12:00:00,18.7,1.4,11.2,33.0,0.2,,,,
12/06/2017 12:00:00,14.4,0.9,13.0,23.4,0.4,,,,
13/06/2017 12:00:00,10.1,1.1,6.9,26.4,0.1,,,,
14/06/2017 12:00:00,12.0,0.3,10.0,31.6,0.2,,,,
15/06/2017 12:00:00,10.2,0.5,5.8,32.2,0.2,,,,
16/06/2017 12:00:00,13.2,0.0,6.1,25.9,0.2,,,,
17/06/2017 12:00:00,14.0,0.0,7.2,20.4,0.3,,,,
18/06/2017 12:00:00,14.3,0.0,4.0,31.7,0.4,,,,
19/06/2017 12:00:00,8.6,0.0,7.9,19.6,0.2,,,,
20/06/2017 12:00:00,14.9,0.2,10.2,16.7,0.1,,,,
21/06/2017 12:00:00,10.8,0.9,18.9,17.1,0.2,,,,
22/06/2017 12:00:00,10.9,0.0,9.3,16.0,0.3,,,,
23/06/2017 12:00:00,12.1,0.1,0.1,10.8,,16.3,,,
24/06/2017 12:00:00,38.6,0.1,0.1,18.0,,,,,
25/06/2017 12:00:00,13.5,0.0,0.0,,,,,,
26/06/2017 12:00:00,14.8,0.1,0.1,,,,,,
27/06/2017 12:00:00,15.3,0.3,7.1,,0.2,,,,
28/06/2017 12:00:00,13.0,0.7,0.7,6.7,,23.3,,,
29/06/2017 12:00:00,24.0,0.1,0.1,12.9,,23.9,,,
30/06/2017 12:00:00,14.1,0.2,10.8,20.9,0.1,,,,
01/05/2017 12:00:00,10.9,0.0,3.5,15.3,0.1,,,,
02/05/2017 12:00:00,9.5,0.1,7.0,16.4,0.4,,,,
03/05/2017 12:00:00,6.5,0.5,9.4,23.1,0.2,,,,
10/05/2017 12:00:00,14.8,0.4,0.4,9.1,,15.9,,,
11/05/2017 12:00:00,18.4,0.5,0.5,8.9,,18.9,,,
12/05/2017 12:00:00,12.5,0.0,0.0,8.2,,28.9,,,
13/05/2017 12:00:00,11.8,0.2,0.2,8.4,,23.8,,,
14/05/2017 12:00:00,10.4,0.0,0.0,6.0,,21.7,,,
15/05/2017 12:00:00,9.7,0.5,0.5,9.1,,24.4,,,
16/05/2017 12:00:00,12.4,0.0,0.0,16.1,,27.6,,,
17/05/2017 12:00:00,19.7,0.0,0.0,10.3,,63.8,,,
18/05/2017 12:00:00,10.3,0.1,0.1,10.2,,21.4,,,
21/05/2017 12:00:00,10.6,0.1,,22.2,0.0,,,,
22/05/2017 12:00:00,12.7,0.3,,20.3,0.4,,,,
23/05/2017 12:00:00,13.3,0.1,,23.6,0.1,,,,
24/05/2017 12:00:00,12.7,0.1,7.6,23.1,0.3,,,,
25/05/2017 12:00:00,17.4,0.1,,31.2,0.5,,,,
26/05/2017 12:00:00,13.4,0.2,0.2,,,24.8,,,
27/05/2017 12:00:00,10.9,1.8,1.8,7.6,,23.4,,,
28/05/2017 12:00:00,10.0,0.0,0.0,7.1,,25.5,,,
29/05/2017 12:00:00,12.0,0.1,0.1,5.5,,35.2,,,
30/05/2017 12:00:00,10.8,0.2,10.4,25.1,0.2,,,,
31/05/2017 12:00:00,10.1,0.0,11.4,19.8,0.3,,,,
01/03/2017 12:00:00,21.8,0.1,9.9,37.7,0.4,,,,
02/03/2017 12:00:00,16.5,1.1,13.5,26.1,0.4,,,,
03/03/2017 12:00:00,14.1,0.5,12.2,22.6,0.2,,,,
04/03/2017 12:00:00,9.1,0.0,7.3,26.2,0.0,,,,
05/03/2017 12:00:00,15.8,0.3,8.9,25.3,0.2,,,,
06/03/2017 12:00:00,11.4,0.1,6.5,43.6,0.2,,,,
07/03/2017 12:00:00,15.1,0.0,8.5,46.1,0.0,,,,
08/03/2017 12:00:00,16.9,0.0,12.5,26.3,0.5,,,,
09/03/2017 12:00:00,10.1,0.4,7.1,24.9,0.5,,,,
10/03/2017 12:00:00,9.9,0.0,6.0,28.3,0.3,,,,
11/03/2017 12:00:00,6.8,0.0,5.4,22.1,0.2,,,,
12/03/2017 12:00:00,8.7,0.0,4.4,23.8,0.0,,,,
13/03/2017 12:00:00,12.1,0.0,8.9,21.7,0.3,,,,
14/03/2017 12:00:00,14.6,0.3,16.9,18.8,0.8,,,,
17/03/2017 12:00:00,,0.0,7.3,17.7,0.0,,,,
18/03/2017 12:00:00,11.5,0.1,13.0,19.7,0.5,,,,
19/03/2017 12:00:00,18.4,0.1,9.5,20.1,0.4,,,,
20/03/2017 12:00:00,15.2,0.0,8.3,18.7,0.3,,,,
21/03/2017 12:00:00,14.7,0.3,8.8,24.8,0.4,,,,
22/03/2017 12:00:00,9.3,0.0,4.3,22.9,0.2,,,,
23/03/2017 12:00:00,,0.0,3.3,20.4,0.4,,,,
24/03/2017 12:00:00,,0.1,5.1,17.8,0.2,,,,
25/03/2017 12:00:00,16.8,0.1,7.6,27.9,1.1,,,,
26/03/2017 12:00:00,11.4,0.1,7.2,23.6,0.4,,,,
27/03/2017 12:00:00,13.0,0.2,5.3,30.9,0.3,,,,
28/03/2017 12:00:00,18.3,0.5,11.4,49.3,0.1,,,,
29/03/2017 12:00:00,15.6,0.1,11.4,54.8,0.4,,,,
30/03/2017 12:00:00,7.8,0.0,8.9,27.9,0.3,,,,
31/03/2017 12:00:00,5.8,0.0,4.9,24.4,0.3,,,,
01/09/2017 12:00:00,14.8,0.0,10.8,28.5,0.1,,,,
02/09/2017 12:00:00,13.2,0.0,6.2,26.6,0.1,,,,
03/09/2017 12:00:00,7.6,0.0,4.8,27.3,0.0,,,,
04/09/2017 12:00:00,13.2,0.1,1.9,26.9,0.1,,,,
05/09/2017 12:00:00,13.3,0.0,4.0,26.5,0.0,,,,
07/09/2017 12:00:00,8.4,0.3,5.4,29.4,0.1,,,,
08/09/2017 12:00:00,6.3,0.0,5.8,19.0,0.1,,,,
09/09/2017 12:00:00,10.0,0.0,11.1,21.5,0.1,,,,
10/09/2017 12:00:00,10.9,0.0,10.5,22.9,0.1,,,,
11/09/2017 12:00:00,11.6,0.0,4.7,24.6,0.1,,,,
12/09/2017 12:00:00,15.8,0.1,0.1,8.0,,25.9,,,
13/09/2017 12:00:00,16.4,0.0,9.6,24.9,0.2,,,,
01/04/2018 12:00:00,,2.0,17.0,13.6,0.7,,,,
02/04/2018 12:00:00,,1.5,10.9,20.5,0.7,,,,
03/04/2018 12:00:00,,1.5,13.1,25.4,0.6,,,,
04/04/2018 12:00:00,,1.7,13.3,30.3,0.7,,,,
05/04/2018 12:00:00,,1.4,20.6,46.1,0.6,,,,
06/04/2018 12:00:00,,2.1,19.0,16.3,0.7,,,,
07/04/2018 12:00:00,,2.4,20.6,23.0,0.7,,,,
08/04/2018 12:00:00,,2.3,13.8,25.6,0.5,,,,
09/04/2018 12:00:00,,2.1,11.7,14.3,0.6,,,,
10/04/2018 12:00:00,,2.4,10.8,17.1,0.5,,,,
11/04/2018 12:00:00,,1.9,,26.8,,,,,
12/04/2018 12:00:00,,1.7,11.7,31.6,,,,,
13/04/2018 12:00:00,,2.0,14.9,30.7,0.5,,,,
14/04/2018 12:00:00,,1.6,6.4,45.4,0.5,,,,
15/04/2018 12:00:00,,2.3,13.9,61.4,,,,,
16/04/2018 12:00:00,,2.4,7.6,36.7,,,,,
17/04/2018 12:00:00,,2.3,8.4,39.3,0.7,,,,
18/04/2018 12:00:00,,2.0,11.5,30.2,0.7,,,,
19/04/2018 12:00:00,,1.3,5.9,30.8,0.7,,,,
20/04/2018 12:00:00,,1.7,10.5,31.3,0.6,,,,
21/04/2018 12:00:00,,2.0,8.6,,0.6,,,,
22/04/2018 12:00:00,,1.9,3.8,,0.6,,,,
23/04/2018 12:00:00,,2.1,17.3,,0.7,,,,
24/04/2018 12:00:00,,1.8,8.6,,0.6,,,,
26/04/2018 12:00:00,,2.5,8.2,,0.6,,,,
27/04/2018 12:00:00,,2.5,6.1,,0.6,,,,
01/08/2018 12:00:00,,5.2,25.0,,0.5,,,,
02/08/2018 12:00:00,,3.4,32.9,58.7,1.6,,,,
03/08/2018 12:00:00,,2.0,19.7,37.0,0.2,,,,
04/08/2018 12:00:00,,6.1,23.3,35.0,0.4,,,,
05/08/2018 12:00:00,,6.2,35.3,48.5,0.5,,,,
06/08/2018 12:00:00,,5.0,14.1,50.4,0.3,,,,
07/08/2018 12:00:00,,4.4,24.8,35.3,0.2,,,,
08/08/2018 12:00:00,,3.8,22.7,23.3,,,,,
09/08/2018 12:00:00,,4.3,16.7,26.3,0.4,,,,
10/08/2018 12:00:00,,4.3,21.2,41.8,2.3,,,,
11/08/2018 12:00:00,,5.6,28.2,51.4,1.2,,,,
12/08/2018 12:00:00,,5.4,32.4,22.4,1.4,,,,
13/08/2018 12:00:00,,3.3,26.7,24.9,1.9,,,,
14/08/2018 12:00:00,,3.4,28.8,25.3,1.4,,,,
15/08/2018 12:00:00,,4.6,24.1,25.4,0.2,,,,
16/08/2018 12:00:00,,3.3,22.9,20.9,0.9,,,,
17/08/2018 12:00:00,,2.6,24.6,22.9,0.1,,,,
18/08/2018 12:00:00,,2.8,6.4,22.0,0.1,,,,
19/08/2018 12:00:00,,3.1,8.2,19.8,0.3,,,,
20/08/2018 12:00:00,,4.4,8.8,13.5,1.0,,,,
21/08/2018 12:00:00,,3.8,18.9,12.7,1.4,,,,
22/08/2018 12:00:00,,3.6,15.9,,0.4,,,,
23/08/2018 12:00:00,,4.0,20.0,16.7,,,,,
24/08/2018 12:00:00,,4.0,17.1,16.6,,,,,
25/08/2018 12:00:00,,4.0,32.9,22.2,,,,,
26/08/2018 12:00:00,,2.5,12.3,16.8,,,,,
27/08/2018 12:00:00,,3.0,17.2,17.8,,,,,
28/08/2018 12:00:00,,3.2,15.1,17.2,,,,,
29/08/2018 12:00:00,,3.2,19.4,18.0,0.0,,,,
30/08/2018 12:00:00,,4.0,9.6,16.1,0.6,,,,
31/08/2018 12:00:00,,4.3,15.4,16.4,0.4,,,,
01/12/2018 12:00:00,,6.4,13.8,,0.7,,,,
02/12/2018 12:00:00,,4.8,10.1,,0.7,,,,
03/12/2018 12:00:00,,6.0,21.3,,0.6,,,,
04/12/2018 12:00:00,,6.2,31.7,,0.6,,,,
05/12/2018 12:00:00,,6.5,27.0,,0.5,,,,
06/12/2018 12:00:00,,3.7,54.9,,1.0,,,,
07/12/2018 12:00:00,,7.1,21.8,,1.1,,,,
08/12/2018 12:00:00,,5.5,19.7,,0.1,,,,
09/12/2018 12:00:00,,5.1,10.3,,0.1,,,,
10/12/2018 12:00:00,,4.1,4.4,,0.0,,,,
14/12/2018 12:00:00,,5.0,21.2,,0.8,,,,
15/12/2018 12:00:00,,4.9,18.3,,0.6,,,,
16/12/2018 12:00:00,,4.6,13.2,,0.3,,,,
17/12/2018 12:00:00,,5.0,23.4,,0.6,,,,
18/12/2018 12:00:00,,3.8,12.5,,0.5,,,,
19/12/2018 12:00:00,,5.5,18.1,,0.2,,,,
20/12/2018 12:00:00,,6.4,18.4,,0.1,,,,
27/12/2018 12:00:00,,5.9,17.7,50.5,0.2,,,,
28/12/2018 12:00:00,,4.8,12.1,49.5,0.2,,,,
01/02/2018 12:00:00,23.6,0.8,4.4,24.2,0.3,,,,
02/02/2018 12:00:00,18.6,1.0,15.1,27.6,0.3,,,,
03/02/2018 12:00:00,16.7,1.1,16.8,36.9,0.3,,,,
04/02/2018 12:00:00,19.7,1.1,9.6,27.3,0.3,,,,
05/02/2018 12:00:00,13.0,1.0,7.5,18.6,0.3,,,,
06/02/2018 12:00:00,13.8,1.8,10.0,17.0,0.4,,,,
07/02/2018 12:00:00,18.6,1.9,13.2,15.5,0.4,,,,
08/02/2018 12:00:00,20.3,1.6,11.7,23.1,0.4,,,,
09/02/2018 12:00:00,19.7,1.2,7.3,25.0,0.3,,,,
10/02/2018 12:00:00,22.8,1.6,10.6,18.9,0.4,,,,
11/02/2018 12:00:00,14.8,0.8,6.5,18.8,0.4,,,,
12/02/2018 12:00:00,12.7,0.6,2.7,18.2,0.3,,,,
13/02/2018 12:00:00,12.9,0.9,4.3,19.1,0.3,,,,
14/02/2018 12:00:00,12.8,1.2,3.5,14.9,0.5,,,,
15/02/2018 12:00:00,8.3,1.2,6.2,11.4,0.3,,,,
16/02/2018 12:00:00,13.6,0.9,5.1,11.1,0.3,,,,
17/02/2018 12:00:00,11.1,1.0,4.4,12.2,0.3,,,,
18/02/2018 12:00:00,11.6,1.6,6.0,20.4,0.4,,,,
19/02/2018 12:00:00,12.4,1.0,6.0,28.5,0.4,,,,
20/02/2018 12:00:00,25.9,2.0,6.6,29.9,0.6,,,,
21/02/2018 12:00:00,12.7,2.2,8.0,49.0,0.3,,,,
22/02/2018 12:00:00,14.0,1.5,7.2,47.5,0.9,,,,
23/02/2018 12:00:00,24.7,1.6,11.0,33.4,0.4,,,,
24/02/2018 12:00:00,23.2,1.3,10.6,33.5,0.4,,,,
25/02/2018 12:00:00,15.5,1.5,8.0,39.1,0.5,,,,
26/02/2018 12:00:00,9.0,1.5,7.8,18.6,0.3,,,,
27/02/2018 12:00:00,10.1,2.0,8.8,34.5,0.3,,,,
28/02/2018 12:00:00,16.2,1.8,9.6,31.8,0.3,,,,
30/01/2018 12:00:00,14.0,2.0,6.2,26.1,0.4,,,,
11/07/2018 12:00:00,,3.3,19.1,35.3,0.1,,,,
13/07/2018 12:00:00,,1.6,18.2,26.5,1.1,,,,
14/07/2018 12:00:00,,3.5,23.4,31.7,0.8,,,,
15/07/2018 12:00:00,,3.2,13.5,33.5,0.6,,,,
16/07/2018 12:00:00,,2.0,10.3,30.0,0.4,,,,
17/07/2018 12:00:00,,2.6,10.7,39.5,0.2,,,,
18/07/2018 12:00:00,,3.1,14.4,29.1,1.0,,,,
20/07/2018 12:00:00,,5.5,12.8,26.9,2.2,,,,
23/07/2018 12:00:00,,2.3,9.8,27.8,1.7,,,,
25/07/2018 12:00:00,,4.3,23.4,31.6,,,,,
26/07/2018 12:00:00,,3.4,22.4,27.5,3.0,,,,
27/07/2018 12:00:00,,2.4,11.6,26.8,1.7,,,,
28/07/2018 12:00:00,,3.0,13.9,27.8,2.1,,,,
29/07/2018 12:00:00,,3.6,12.9,24.3,2.0,,,,
31/07/2018 12:00:00,,3.6,32.6,41.1,0.5,,,,
01/06/2018 12:00:00,,2.5,11.2,30.6,0.1,,,,
02/06/2018 12:00:00,,3.0,21.5,26.5,1.0,,,,
03/06/2018 12:00:00,,2.6,17.9,19.3,0.8,,,,
04/06/2018 12:00:00,,2.2,7.6,21.2,1.2,,,,
05/06/2018 12:00:00,,2.9,9.6,27.1,0.1,,,,
10/06/2018 12:00:00,,2.5,10.7,34.0,0.1,,,,
11/06/2018 12:00:00,,2.9,15.1,20.1,0.4,,,,
12/06/2018 12:00:00,,1.7,19.3,16.8,0.6,,,,
13/06/2018 12:00:00,,2.6,19.1,16.9,0.1,,,,
14/06/2018 12:00:00,,2.9,14.3,21.1,1.6,,,,
15/06/2018 12:00:00,,2.8,15.2,22.9,0.1,,,,
16/06/2018 12:00:00,,3.2,11.4,23.1,0.5,,,,
17/06/2018 12:00:00,,1.8,6.6,20.8,0.5,,,,
21/06/2018 12:00:00,,1.5,14.8,20.2,0.7,,,,
22/06/2018 12:00:00,,2.8,12.3,29.2,0.6,,,,
23/06/2018 12:00:00,,3.0,8.4,34.9,0.2,,,,
24/06/2018 12:00:00,,3.0,27.2,23.4,1.3,,,,
25/06/2018 12:00:00,,3.5,14.8,24.8,0.3,,,,
26/06/2018 12:00:00,,3.7,6.3,27.9,0.2,,,,
27/06/2018 12:00:00,,3.2,11.8,32.0,0.1,,,,
28/06/2018 12:00:00,,3.3,8.6,25.3,0.6,,,,
29/06/2018 12:00:00,,3.0,21.4,27.6,0.5,,,,
05/05/2018 12:00:00,,,6.8,17.0,,,,,
06/05/2018 12:00:00,,0.9,6.1,18.0,0.5,,,,
07/05/2018 12:00:00,,1.7,6.0,18.7,0.3,,,,
08/05/2018 12:00:00,,1.7,9.5,18.5,0.1,,,,
09/05/2018 12:00:00,,2.9,11.1,21.9,0.0,,,,
10/05/2018 12:00:00,,2.6,8.1,19.7,0.1,,,,
11/05/2018 12:00:00,,1.7,8.5,20.1,0.0,,,,
12/05/2018 12:00:00,,2.0,14.4,18.8,0.5,,,,
13/05/2018 12:00:00,,1.7,9.6,28.6,0.2,,,,
14/05/2018 12:00:00,,1.9,20.8,26.2,0.1,,,,
15/05/2018 12:00:00,,1.8,20.9,15.5,0.3,,,,
16/05/2018 12:00:00,,1.7,15.0,29.9,0.5,,,,
17/05/2018 12:00:00,,1.4,12.8,20.6,0.5,,,,
18/05/2018 12:00:00,,,13.2,26.9,1.2,,,,
19/05/2018 12:00:00,,2.1,18.4,53.5,,,,,
20/05/2018 12:00:00,,1.6,12.0,51.8,,,,,
21/05/2018 12:00:00,,2.0,26.2,64.8,,,,,
23/05/2018 12:00:00,,3.3,14.8,30.3,,,,,
24/05/2018 12:00:00,,4.0,14.2,25.9,,,,,
25/05/2018 12:00:00,,2.8,11.9,27.0,3.6,,,,
28/05/2018 12:00:00,,2.5,9.5,23.5,0.7,,,,
29/05/2018 12:00:00,,2.7,18.0,25.3,0.6,,,,
31/05/2018 12:00:00,,1.8,9.1,23.9,0.7,,,,
01/03/2018 12:00:00,13.4,1.9,6.0,20.2,0.3,,,,
02/03/2018 12:00:00,9.3,1.7,9.7,19.6,0.3,,,,
03/03/2018 12:00:00,10.7,2.2,11.6,35.3,0.4,,,,
04/03/2018 12:00:00,13.3,3.5,13.7,40.1,0.4,,,,
05/03/2018 12:00:00,14.9,1.7,15.6,44.4,0.4,,,,
06/03/2018 12:00:00,13.9,1.3,10.0,43.7,0.3,,,,
07/03/2018 12:00:00,14.9,3.5,17.4,61.7,0.3,,,,
08/03/2018 12:00:00,26.5,2.6,20.2,90.7,0.4,,,,
09/03/2018 12:00:00,18.9,4.7,25.8,81.5,0.4,,,,
10/03/2018 12:00:00,16.4,4.3,24.1,43.9,0.3,,,,
11/03/2018 12:00:00,14.0,2.1,19.4,47.9,0.3,,,,
12/03/2018 12:00:00,18.3,1.8,20.4,46.4,0.3,,,,
13/03/2018 12:00:00,12.6,0.8,33.7,57.0,0.3,,,,
14/03/2018 12:00:00,16.4,0.6,27.5,19.9,0.2,,,,
15/03/2018 12:00:00,,1.1,18.5,21.7,0.4,,,,
16/03/2018 12:00:00,43.1,1.2,12.2,26.3,0.4,,,,
17/03/2018 12:00:00,,1.1,12.6,28.3,0.4,,,,
18/03/2018 12:00:00,,1.2,22.0,24.7,0.5,,,,
19/03/2018 12:00:00,,1.8,14.6,18.1,0.7,,,,
20/03/2018 12:00:00,,1.9,11.5,26.4,0.5,,,,
21/03/2018 12:00:00,,1.3,13.5,21.5,0.6,,,,
22/03/2018 12:00:00,,1.9,15.1,32.1,,,,,
23/03/2018 12:00:00,,1.4,17.3,20.5,0.5,,,,
24/03/2018 12:00:00,,1.7,10.9,13.7,0.8,,,,
25/03/2018 12:00:00,,1.6,17.9,22.9,0.6,,,,
22/03/2018 12:00:00,,1.9,15.1,32.1,,,,,
27/03/2018 12:00:00,,2.2,13.9,12.8,0.7,,,,
28/03/2018 12:00:00,,2.0,12.2,27.8,0.6,,,,
29/03/2018 12:00:00,,2.0,16.5,22.0,0.7,,,,
30/03/2018 12:00:00,,1.5,19.4,17.9,0.7,,,,
31/03/2018 12:00:00,,1.3,9.2,18.1,0.6,,,,
02/11/2018 12:00:00,,4.0,18.6,,0.6,,,,
03/11/2018 12:00:00,,5.0,19.6,,0.6,,,,
08/11/2018 12:00:00,,3.8,13.0,,0.6,,,,
10/11/2018 12:00:00,,5.2,22.0,,0.7,,,,
12/11/2018 12:00:00,,4.8,17.1,,0.5,,,,
14/11/2018 12:00:00,,5.0,17.2,,0.8,,,,
17/11/2018 12:00:00,,5.0,11.9,,0.5,,,,
21/11/2018 12:00:00,,3.1,11.0,,0.8,,,,
25/11/2018 12:00:00,,5.2,14.8,,0.6,,,,
02/10/2018 12:00:00,,5.9,25.9,26.6,1.1,,,,
03/10/2018 12:00:00,,4.2,22.5,27.3,0.8,,,,
04/10/2018 12:00:00,,3.7,23.7,42.4,0.7,,,,
05/10/2018 12:00:00,,2.6,13.0,38.7,1.1,,,,
06/10/2018 12:00:00,,2.6,13.5,20.0,0.7,,,,
07/10/2018 12:00:00,,3.9,6.5,20.0,0.7,,,,
09/10/2018 12:00:00,,5.9,22.9,27.4,0.9,,,,
11/10/2018 12:00:00,,3.8,16.0,31.4,0.6,,,,
12/10/2018 12:00:00,,4.8,17.8,25.6,0.8,,,,
13/10/2018 12:00:00,,5.4,16.5,25.4,0.4,,,,
14/10/2018 12:00:00,,5.2,17.4,25.6,0.7,,,,
15/10/2018 12:00:00,,5.8,14.7,34.0,0.7,,,,
17/10/2018 12:00:00,,4.0,19.6,32.0,0.3,,,,
18/10/2018 12:00:00,,3.2,13.7,31.1,0.5,,,,
20/10/2018 12:00:00,,4.5,21.1,38.3,0.4,,,,
22/10/2018 12:00:00,,2.8,3.8,23.4,0.4,,,,
24/10/2018 12:00:00,,4.0,10.8,20.0,0.9,,,,
25/10/2018 12:00:00,,3.7,13.3,34.8,0.6,,,,
28/10/2018 12:00:00,,4.9,28.6,28.2,0.5,,,,
29/10/2018 12:00:00,,3.3,26.5,37.6,0.3,,,,
30/10/2018 12:00:00,,1.7,15.4,39.4,0.6,,,,
31/10/2018 12:00:00,,2.5,16.3,14.0,0.5,,,,
01/09/2018 12:00:00,,4.8,15.8,22.3,0.3,,,,
02/09/2018 12:00:00,,6.5,34.9,25.3,0.5,,,,
03/09/2018 12:00:00,,4.1,17.7,22.8,0.6,,,,
04/09/2018 12:00:00,,11.2,30.7,24.9,1.1,,,,
05/09/2018 12:00:00,,6.4,42.0,24.4,0.5,,,,
06/09/2018 12:00:00,,4.4,33.1,31.3,1.0,,,,
07/09/2018 12:00:00,,4.0,23.5,17.1,0.5,,,,
15/09/2018 12:00:00,,7.6,14.6,31.8,0.4,,,,
16/09/2018 12:00:00,,6.3,30.9,32.8,0.5,,,,
17/09/2018 12:00:00,,5.8,35.7,27.9,0.7,,,,
18/09/2018 12:00:00,,6.6,33.7,24.1,0.5,,,,
19/09/2018 12:00:00,,7.1,23.8,20.5,0.6,,,,
20/09/2018 12:00:00,,6.8,24.5,29.4,0.7,,,,
21/09/2018 00:00:00,,6.3,30.9,29.4,0.7,,,,
22/09/2018 12:00:00,,4.9,15.4,33.0,0.8,,,,
23/09/2018 12:00:00,,5.5,20.6,38.3,0.9,,,,
24/09/2018 12:00:00,,4.8,11.1,13.5,0.8,,,,
25/09/2018 12:00:00,,5.9,16.9,12.6,0.7,,,,
26/09/2018 12:00:00,,5.7,18.5,23.6,1.0,,,,
27/09/2018 12:00:00,,5.0,16.8,26.8,1.0,,,,
28/09/2018 12:00:00,,5.8,20.7,32.2,1.0,,,,
29/09/2018 12:00:00,,6.1,13.6,34.5,0.9,,,,
30/09/2018 12:00:00,,6.9,30.5,28.5,0.3,,,,
01/04/2019 12:00:00,0.1,,,,0.1,,14.8,27.8,32.4
02/04/2019 12:00:00,1.1,,,,0.1,,13.7,17.6,41.1
03/04/2019 12:00:00,0.0,,,,0.1,,13.5,18.4,32.3
04/04/2019 12:00:00,0.7,,,,0.1,,13.0,16.2,34.1
05/04/2019 12:00:00,19.0,,,,0.0,,13.8,36.9,31.3
06/04/2019 12:00:00,9.2,,,,0.0,,13.6,30.6,52.0
07/04/2019 12:00:00,1.5,,,,0.2,,13.3,25.7,32.8
08/04/2019 12:00:00,0.8,,,,0.2,,11.3,17.8,35.2
09/04/2019 12:00:00,4.8,,,,0.1,,8.4,23.4,31.1
10/04/2019 12:00:00,2.6,,,,0.1,,10.5,29.0,36.7
11/04/2019 12:00:00,5.3,,,,0.2,,15.0,44.5,40.0
12/04/2019 12:00:00,24.6,,,,0.3,,15.8,38.9,32.9
16/04/2019 12:00:00,,,,,0.1,,13.0,21.6,37.4
17/04/2019 12:00:00,,,,,0.0,,15.7,30.5,33.9
18/04/2019 12:00:00,,,,,0.5,,16.1,34.7,42.9
19/04/2019 12:00:00,,,,,0.1,,14.9,27.7,37.6
20/04/2019 12:00:00,,,,,0.5,,15.1,20.2,36.1
21/04/2019 12:00:00,,,,,0.1,,13.1,30.7,33.7
22/04/2019 12:00:00,,,,,0.1,,12.7,25.8,38.4
23/04/2019 12:00:00,,,,,0.5,,15.2,23.8,30.8
24/04/2019 12:00:00,1.4,,,,0.2,,14.7,21.8,34.0
25/04/2019 12:00:00,2.5,,,,0.1,,14.7,21.1,33.3
26/04/2019 12:00:00,1.3,,,,0.4,,15.0,25.5,28.7
27/04/2019 12:00:00,2.1,,,,0.2,,12.8,22.0,31.2
28/04/2019 12:00:00,0.3,,,,0.2,,10.9,16.8,26.9
29/04/2019 12:00:00,0.4,,,,0.2,,11.8,21.8,24.6
30/04/2019 12:00:00,17.3,,,,0.3,,16.3,35.2,52.4
01/08/2019 12:00:00,13.1,,,,0.1,,15.3,20.6,31.6
02/08/2019 12:00:00,20.6,,,,0.2,,16.1,22.2,34.5
03/08/2019 12:00:00,14.7,,,,0.3,,18.6,46.3,26.7
04/08/2019 12:00:00,15.8,,,,0.6,,18.6,42.0,24.9
05/08/2019 12:00:00,12.3,,,,0.1,,17.0,17.5,36.7
06/08/2019 12:00:00,21.6,,,,0.1,,18.0,23.9,37.3
07/08/2019 12:00:00,21.9,,,,0.1,,16.3,11.6,33.1
08/08/2019 12:00:00,23.8,,,,0.1,,15.6,23.1,30.1
09/08/2019 12:00:00,13.9,,,,0.2,,3.7,29.6,29.8
10/08/2019 12:00:00,13.9,,,,0.5,,4.9,19.9,15.1
11/08/2019 12:00:00,13.2,,,,0.1,,4.8,15.2,11.7
12/08/2019 12:00:00,14.9,,,,0.1,,4.8,10.9,5.7
13/08/2019 12:00:00,16.6,,,,0.1,,4.6,27.1,
14/08/2019 12:00:00,8.9,,,,0.2,,4.7,21.7,
15/08/2019 12:00:00,10.4,,,,0.2,,4.7,27.6,
16/08/2019 12:00:00,10.2,,,,0.7,,4.8,30.1,37.3
17/08/2019 12:00:00,10.4,,,,0.1,,4.8,18.0,44.5
18/08/2019 12:00:00,11.8,,,,0.0,,4.9,18.6,37.7
19/08/2019 12:00:00,14.7,,,,0.1,,6.4,32.0,63.3
20/08/2019 12:00:00,27.6,,,,0.3,,6.0,60.5,56.7
21/08/2019 12:00:00,23.9,,,,0.3,,4.2,36.4,56.7
22/08/2019 12:00:00,20.1,,,,0.3,,4.7,,56.7
23/08/2019 12:00:00,10.8,,,,0.1,,4.6,22.0,38.2
24/08/2019 12:00:00,23.4,,,,0.2,,4.5,63.3,53.4
25/08/2019 12:00:00,20.6,,,,0.2,,3.8,46.6,53.1
27/08/2019 12:00:00,12.7,,,,0.0,,14.3,21.1,43.8
28/08/2019 12:00:00,15.0,,,,0.1,,12.2,16.8,44.1
29/08/2019 12:00:00,5.2,,,,0.1,,17.5,12.1,48.0
30/08/2019 12:00:00,5.0,,,,0.1,,19.5,26.3,39.5
31/08/2019 12:00:00,21.5,,,,0.1,,20.1,30.9,42.8
01/02/2019 12:00:00,,,,,0.2,,17.1,21.6,24.4
02/02/2019 12:00:00,,,,,0.2,,15.5,23.0,24.9
03/02/2019 12:00:00,,,,,0.2,,18.9,15.2,26.6
04/02/2019 12:00:00,,,,,0.1,,17.5,10.9,29.7
05/02/2019 12:00:00,,,,,0.2,,21.3,19.3,34.4
06/02/2019 12:00:00,,,,,0.4,,14.6,13.7,18.5
08/02/2019 12:00:00,,,,,,,9.8,28.6,39.8
09/02/2019 12:00:00,21.8,,,,,,10.9,23.9,31.2
10/02/2019 12:00:00,34.8,,,,,,7.8,19.3,27.2
11/02/2019 12:00:00,21.5,,,,,,11.3,32.5,31.8
12/02/2019 12:00:00,19.8,,,,,,11.5,39.1,34.2
13/02/2019 12:00:00,11.6,,,,,,9.4,16.7,37.9
14/02/2019 12:00:00,20.2,,,,,,11.6,25.8,47.6
15/02/2019 12:00:00,17.5,,,,,,10.9,17.5,56.1
16/02/2019 12:00:00,16.4,,,,0.4,,12.0,19.9,31.5
17/02/2019 12:00:00,16.3,,,,0.3,,13.6,17.5,30.0
18/02/2019 12:00:00,17.6,,,,0.3,,10.7,13.8,42.6
21/02/2019 12:00:00,7.3,,,,0.0,,13.0,22.1,28.1
22/02/2019 12:00:00,5.4,,,,0.1,,12.4,10.0,23.7
23/02/2019 12:00:00,7.4,,,,0.1,,12.3,19.5,26.7
24/02/2019 12:00:00,8.9,,,,0.1,,12.1,14.9,30.1
26/02/2019 12:00:00,10.0,,,,0.1,,15.4,25.6,31.8
27/02/2019 12:00:00,13.1,,,,0.1,,13.6,33.3,34.4
28/02/2019 12:00:00,17.7,,,,0.1,,13.5,19.6,41.3
01/01/2019 23:00:00,,,,,0.4,,7.7,20.9,26.8
02/01/2019 12:00:00,,,,,0.2,,7.7,20.9,24.9
03/01/2019 12:00:00,,,,,0.1,,10.4,23.9,32.5
04/01/2019 12:00:00,13.6,,,,0.2,,13.3,18.4,31.2
05/01/2019 12:00:00,13.9,,,,0.1,,11.5,17.2,42.7
11/01/2019 12:00:00,,,,,0.1,,14.3,23.6,26.8
12/01/2019 12:00:00,,,,,0.1,,12.9,29.9,33.0
13/01/2019 12:00:00,,,,,0.1,,10.5,16.6,32.8
14/01/2019 12:00:00,,,,,0.2,,8.5,24.0,28.7
15/01/2019 12:00:00,,,,,0.2,,7.8,21.4,44.3
16/01/2019 12:00:00,,,,,0.2,,9.1,20.6,37.5
18/01/2019 12:00:00,,,,,0.1,,6.1,26.9,27.6
19/01/2019 12:00:00,,,,,0.3,,5.8,26.8,30.9
20/01/2019 12:00:00,,,,,0.1,,5.5,25.0,31.3
21/01/2019 12:00:00,,,,,0.1,,,17.8,23.9
22/01/2019 12:00:00,,,,,0.1,,14.9,32.4,29.8
23/01/2019 12:00:00,,,,,0.1,,10.7,21.3,34.7
24/01/2019 12:00:00,,,,,0.1,,16.7,18.6,25.5
26/01/2019 12:00:00,,,,,0.1,,18.3,59.1,26.3
27/01/2019 12:00:00,,,,,0.2,,18.5,56.8,26.1
28/01/2019 12:00:00,,,,,0.2,,19.0,39.4,28.8
29/01/2019 12:00:00,,,,,3.7,,,,17.8
30/01/2019 12:00:00,,,,,,,,12.4,25.6
31/01/2019 12:00:00,,,,,0.3,,13.1,13.3,
01/07/2019 12:00:00,11.8,,,,0.5,,23.1,6.0,47.7
02/07/2019 12:00:00,11.0,,,,0.3,,20.8,17.8,42.9
03/07/2019 12:00:00,12.8,,,,0.4,,23.8,28.9,52.7
04/07/2019 12:00:00,18.2,,,,0.3,,28.1,20.5,63.4
05/07/2019 12:00:00,16.9,,,,0.1,,26.4,27.2,41.9
06/07/2019 12:00:00,16.4,,,,0.3,,23.2,18.8,42.4
07/07/2019 12:00:00,19.2,,,,0.2,,19.2,11.2,53.0
08/07/2019 12:00:00,16.2,,,,0.3,,20.3,2.8,64.1
09/07/2019 12:00:00,16.6,,,,0.4,,21.7,,64.0
10/07/2019 12:00:00,15.6,,,,0.1,,18.3,,64.8
11/07/2019 12:00:00,12.9,,,,0.5,,16.6,,52.5
12/07/2019 12:00:00,13.8,,,,0.7,,15.4,,39.7
13/07/2019 12:00:00,9.1,,,,0.3,,16.6,,47.8
14/07/2019 12:00:00,9.4,,,,0.3,,19.2,,35.0
15/07/2019 12:00:00,7.7,,,,0.2,,20.1,,36.9
16/07/2019 12:00:00,15.1,,,,0.3,,21.0,,30.0
17/07/2019 12:00:00,18.2,,,,,,24.2,,72.3
18/07/2019 12:00:00,14.6,,,,,,18.1,,63.8
20/07/2019 12:00:00,10.2,,,,,,17.8,,57.9
21/07/2019 12:00:00,12.1,,,,,,17.9,,59.0
22/07/2019 12:00:00,14.0,,,,,,16.5,,57.9
23/07/2019 12:00:00,11.8,,,,,,16.2,,52.1
24/07/2019 12:00:00,22.1,,,,0.0,,12.5,14.2,46.8
25/07/2019 12:00:00,14.8,,,,0.1,,15.7,18.3,52.2
26/07/2019 12:00:00,15.0,,,,0.2,,15.7,15.8,49.3
27/07/2019 12:00:00,13.3,,,,3.5,,18.8,26.8,40.4
28/07/2019 12:00:00,10.1,,,,0.3,,19.9,9.2,44.6
29/07/2019 12:00:00,9.9,,,,0.3,,16.9,17.8,36.4
30/07/2019 12:00:00,6.3,,,,0.4,,16.2,8.5,40.7
31/07/2019 12:00:00,11.2,,,,0.1,,15.6,23.6,38.1
01/06/2019 12:00:00,11.8,,,,0.2,,20.4,36.4,15.9
02/06/2019 12:00:00,3.7,,,,0.0,,20.9,26.3,12.2
03/06/2019 12:00:00,3.3,,,,0.1,,23.5,14.4,13.0
04/06/2019 12:00:00,9.2,,,,0.2,,24.0,27.8,13.6
05/06/2019 12:00:00,9.2,,,,0.3,,20.6,34.6,17.1
06/06/2019 12:00:00,4.8,,,,0.3,,16.2,17.7,14.7
09/06/2019 12:00:00,3.4,,,,0.0,,19.3,49.0,12.7
10/06/2019 12:00:00,2.6,,,,0.1,,15.5,18.4,13.2
11/06/2019 12:00:00,3.8,,,,0.2,,18.6,25.4,9.6
12/06/2019 12:00:00,5.3,,,,0.2,,16.4,36.7,41.0
13/06/2019 12:00:00,9.3,,,,0.4,,15.8,20.9,58.5
14/06/2019 12:00:00,8.8,,,,0.0,,15.1,29.4,61.0
15/06/2019 12:00:00,11.5,,,,0.1,,14.1,21.4,61.1
16/06/2019 12:00:00,2.7,,,,0.4,,12.9,20.8,49.3
17/06/2019 12:00:00,3.6,,,,0.2,,13.4,15.2,53.3
18/06/2019 12:00:00,1.5,,,,0.3,,14.4,27.2,47.8
19/06/2019 12:00:00,7.1,,,,0.2,,16.9,26.6,43.9
20/06/2019 12:00:00,6.9,,,,0.6,,16.9,42.6,35.3
21/06/2019 12:00:00,5.6,,,,0.1,,19.5,15.6,37.4
22/06/2019 12:00:00,3.6,,,,0.6,,23.0,34.4,48.5
23/06/2019 12:00:00,3.1,,,,0.5,,19.1,14.5,37.3
24/06/2019 12:00:00,18.1,,,,0.6,,20.4,27.8,32.2
25/06/2019 12:00:00,,,,,0.3,,19.8,28.2,26.3
27/06/2019 12:00:00,,,,,0.1,,21.0,25.2,35.4
28/06/2019 12:00:00,30.2,,,,0.3,,20.1,25.2,46.4
29/06/2019 12:00:00,28.8,,,,0.3,,23.4,43.7,44.0
30/06/2019 12:00:00,15.5,,,,0.3,,21.0,10.1,39.6
01/05/2019 12:00:00,2.9,,,,0.2,,13.5,20.4,54.9
01/06/2019 12:00:00,11.8,,,,0.2,,20.4,36.4,15.9
02/05/2019 12:00:00,,,,,0.2,,14.4,15.4,28.9
02/06/2019 12:00:00,3.7,,,,0.0,,20.9,26.3,12.2
03/05/2019 12:00:00,,,,,0.3,,14.6,27.8,37.3
04/05/2019 12:00:00,1.6,,,,0.2,,12.8,27.7,28.2
05/05/2019 12:00:00,0.9,,,,0.3,,11.6,23.7,25.6
06/05/2019 12:00:00,10.1,,,,0.1,,14.4,11.0,28.7
07/05/2019 12:00:00,19.5,,,,0.5,,17.9,34.4,27.9
08/05/2019 12:00:00,10.2,,,,0.4,,14.7,26.7,31.3
09/05/2019 12:00:00,10.6,,,,0.5,,13.7,36.4,37.1
10/05/2019 12:00:00,0.7,,,,0.0,,12.9,16.4,39.7
14/05/2019 12:00:00,0.3,,,,,,23.6,35.7,32.2
15/05/2019 12:00:00,0.8,,,,0.5,,20.1,23.8,33.5
16/05/2019 12:00:00,1.1,,,,0.3,,26.0,31.1,35.7
17/05/2019 12:00:00,21.3,,,,0.5,,21.8,32.0,33.0
18/05/2019 12:00:00,2.0,,,,0.9,,22.4,23.5,36.2
19/05/2019 12:00:00,5.0,,,,1.1,,16.7,26.0,11.1
20/05/2019 12:00:00,2.3,,,,0.0,,16.5,22.2,9.8
21/05/2019 12:00:00,4.5,,,,0.4,,20.1,29.7,7.5
22/05/2019 12:00:00,5.1,,,,0.3,,20.9,34.8,8.6
23/05/2019 12:00:00,4.9,,,,0.4,,22.7,31.1,9.3
24/05/2019 12:00:00,12.2,,,,0.6,,23.8,34.0,12.2
25/05/2019 12:00:00,5.6,,,,0.1,,25.6,23.6,15.1
26/05/2019 12:00:00,8.7,,,,0.1,,33.3,42.8,14.7
27/05/2019 12:00:00,3.4,,,,0.1,,20.4,16.4,13.1
28/05/2019 12:00:00,3.5,,,,0.2,,21.0,19.1,7.0
29/05/2019 12:00:00,5.6,,,,0.2,,20.5,24.2,7.9
30/05/2019 12:00:00,3.3,,,,0.1,,17.5,24.9,11.3
31/05/2019 12:00:00,3.9,,,,0.0,,20.1,28.2,12.0
01/03/2019 12:00:00,18.1,,,,0.0,,14.1,22.3,30.2
02/03/2019 12:00:00,12.9,,,,0.1,,12.9,19.9,24.1
03/03/2019 12:00:00,15.9,,,,0.1,,13.4,31.9,29.0
04/03/2019 12:00:00,18.1,,,,0.2,,16.6,11.6,27.0
05/03/2019 12:00:00,10.1,,,,0.1,,13.3,18.0,39.2
06/03/2019 12:00:00,10.3,,,,0.1,,10.5,15.8,22.9
07/03/2019 12:00:00,6.7,,,,0.1,,13.1,25.8,26.3
08/03/2019 12:00:00,6.9,,,,0.1,,12.8,25.9,31.7
09/03/2019 12:00:00,10.8,,,,0.0,,13.0,17.8,31.3
10/03/2019 12:00:00,25.7,,,,0.0,,12.3,22.4,33.2
11/03/2019 12:00:00,20.1,,,,,,12.1,14.9,34.3
13/03/2019 12:00:00,21.8,,,,1.4,,11.5,24.9,40.4
14/03/2019 12:00:00,15.7,,,,0.4,,9.8,27.7,48.3
15/03/2019 12:00:00,8.8,,,,0.3,,14.7,24.8,54.3
16/03/2019 12:00:00,17.2,,,,,,14.8,38.4,39.0
17/03/2019 12:00:00,13.1,,,,,,18.7,29.7,49.0
18/03/2019 12:00:00,10.4,,,,,,17.5,29.8,39.2
19/03/2019 12:00:00,10.9,,,,0.3,,14.8,38.2,49.6
20/03/2019 12:00:00,16.1,,,,0.2,,17.9,48.7,59.6
23/03/2019 12:00:00,,,,,0.1,,24.9,59.9,71.2
24/03/2019 12:00:00,,,,,0.3,,17.6,31.2,52.0
25/03/2019 12:00:00,,,,,0.2,,14.0,25.0,62.1
26/03/2019 12:00:00,2.0,,,,0.4,,16.7,43.1,63.6
27/03/2019 12:00:00,2.3,,,,0.2,,10.9,29.1,60.1
28/03/2019 12:00:00,23.0,,,,0.2,,11.3,34.1,43.0
29/03/2019 12:00:00,0.9,,,,0.1,,14.6,13.0,39.3
30/03/2019 12:00:00,0.8,,,,0.2,,15.8,20.5,45.2
31/03/2019 12:00:00,0.7,,,,0.1,,13.3,30.1,30.4
01/09/2019 12:00:00,29.5,,,,0.2,,18.6,45.8,51.2
02/09/2019 12:00:00,21.4,,,,0.2,,18.2,38.1,50.0
03/09/2019 12:00:00,21.3,,,,0.6,,4.3,58.9,43.7
04/09/2019 12:00:00,11.6,,,,,,12.8,38.6,48.8
05/09/2019 12:00:00,8.8,,,,0.1,,13.9,34.9,45.8
06/09/2019 12:00:00,8.8,,,,0.0,,16.6,21.9,51.1
